{"cameraMode":{"drawMode":0,"name":"Shaded","section":"Shading Mode"},"sceneLighting":false,"audioPlay":false,"sceneViewState":{"showFog":true,"showMaterialUpdate":true,"showSkybox":false,"showFlares":true,"showImageEffects":true,"showParticleSystems":true},"in2DMode":false,"pivot":{"x":0.07800143957138062,"y":2.400886058807373,"z":-0.9480056762695313},"rotation":{"x":-0.10606976598501206,"y":0.8903489708900452,"z":-0.3526221215724945,"w":-0.2677992880344391},"size":3.527287483215332,"orthographic":true}