{"cameraMode":{"drawMode":0,"name":"Shaded","section":"Shading Mode"},"sceneLighting":false,"audioPlay":false,"sceneViewState":{"showFog":true,"showMaterialUpdate":true,"showSkybox":false,"showFlares":true,"showImageEffects":true,"showParticleSystems":true},"in2DMode":false,"pivot":{"x":0.16535156965255738,"y":1.8488034009933472,"z":3.7860350608825685},"rotation":{"x":-0.45147472620010378,"y":0.507845401763916,"z":0.35807010531425478,"w":0.6403716802597046},"size":0.1673935055732727,"orthographic":false}