{"cameraMode":{"drawMode":0,"name":"Shaded","section":"Shading Mode"},"sceneLighting":true,"audioPlay":false,"sceneViewState":{"showFog":true,"showMaterialUpdate":true,"showSkybox":false,"showFlares":true,"showImageEffects":true,"showParticleSystems":true},"in2DMode":false,"pivot":{"x":21.232421875,"y":-7.0341796875,"z":29.2294921875},"rotation":{"x":0.031177720054984094,"y":0.9665457606315613,"z":-0.21056334674358369,"w":0.14311455190181733},"size":8.706875801086426,"orthographic":true}