{"cameraMode":{"drawMode":0,"name":"Shaded","section":"Shading Mode"},"sceneLighting":false,"audioPlay":false,"sceneViewState":{"showFog":true,"showMaterialUpdate":true,"showSkybox":false,"showFlares":true,"showImageEffects":true,"showParticleSystems":true},"in2DMode":false,"pivot":{"x":91.11000061035156,"y":-126.8370361328125,"z":2.2119998931884767},"rotation":{"x":0.2599286735057831,"y":-0.5173938870429993,"z":0.16859261691570283,"w":0.797694981098175},"size":0.28579992055892947,"orthographic":true}