{"cameraMode":{"drawMode":0,"name":"Shaded","section":"Shading Mode"},"sceneLighting":true,"audioPlay":false,"sceneViewState":{"showFog":true,"showMaterialUpdate":true,"showSkybox":true,"showFlares":true,"showImageEffects":true,"showParticleSystems":true},"in2DMode":false,"pivot":{"x":-0.42163071036338808,"y":4.465126991271973,"z":-4.884884834289551},"rotation":{"x":-0.437057763338089,"y":-0.07248257100582123,"z":0.03533473610877991,"w":-0.8958391547203064},"size":3.7507636547088625,"orthographic":false}