{"cameraMode":{"drawMode":0,"name":"Shaded","section":"Shading Mode"},"sceneLighting":false,"audioPlay":false,"sceneViewState":{"showFog":true,"showMaterialUpdate":true,"showSkybox":false,"showFlares":true,"showImageEffects":true,"showParticleSystems":true},"in2DMode":false,"pivot":{"x":2.5235819816589357,"y":-0.4198540449142456,"z":2.049999713897705},"rotation":{"x":0.2640897035598755,"y":-0.33662793040275576,"z":0.0989522784948349,"w":0.8984140157699585},"size":32.93044662475586,"orthographic":false}