{"cameraMode":{"drawMode":0,"name":"Shaded","section":"Shading Mode"},"sceneLighting":true,"audioPlay":false,"sceneViewState":{"showFog":true,"showMaterialUpdate":true,"showSkybox":true,"showFlares":true,"showImageEffects":true,"showParticleSystems":true},"in2DMode":false,"pivot":{"x":4.59710693359375,"y":-2.1954002380371095,"z":-13.187068939208985},"rotation":{"x":-0.09096480906009674,"y":-0.908629298210144,"z":0.27302318811416628,"w":-0.30269479751586916},"size":10.0280122756958,"orthographic":false}