{"cameraMode":{"drawMode":0,"name":"Shaded","section":"Shading Mode"},"sceneLighting":false,"audioPlay":false,"sceneViewState":{"showFog":true,"showMaterialUpdate":true,"showSkybox":false,"showFlares":true,"showImageEffects":true,"showParticleSystems":true},"in2DMode":false,"pivot":{"x":73.19999694824219,"y":-0.06709945201873779,"z":-3.4157724380493166},"rotation":{"x":0.14028528332710267,"y":-0.3142944574356079,"z":0.047019217163324359,"w":0.937728762626648},"size":4.510731220245361,"orthographic":true}