{"cameraMode":{"drawMode":0,"name":"Shaded","section":"Shading Mode"},"sceneLighting":false,"audioPlay":false,"sceneViewState":{"showFog":true,"showMaterialUpdate":true,"showSkybox":false,"showFlares":true,"showImageEffects":true,"showParticleSystems":true},"in2DMode":false,"pivot":{"x":78.6535415649414,"y":-6.039483070373535,"z":-58.80095672607422},"rotation":{"x":-0.024103036150336267,"y":-0.715343177318573,"z":0.02467503398656845,"w":-0.6979625821113586},"size":4.901185512542725,"orthographic":true}