{"cameraMode":{"drawMode":0,"name":"Shaded","section":"Shading Mode"},"sceneLighting":false,"audioPlay":false,"sceneViewState":{"showFog":true,"showMaterialUpdate":true,"showSkybox":false,"showFlares":true,"showImageEffects":true,"showParticleSystems":true},"in2DMode":false,"pivot":{"x":-0.9718017578125,"y":2.0355224609375,"z":-6.011016845703125},"rotation":{"x":0.251503586769104,"y":0.6745427846908569,"z":-0.6417625546455383,"w":0.2643500566482544},"size":0.37203702330589297,"orthographic":true}