{"cameraMode":{"drawMode":0,"name":"Shaded","section":"Shading Mode"},"sceneLighting":false,"audioPlay":false,"sceneViewState":{"showFog":true,"showMaterialUpdate":true,"showSkybox":false,"showFlares":true,"showImageEffects":true,"showParticleSystems":true},"in2DMode":false,"pivot":{"x":3.6884095668792726,"y":1.1238861083984376,"z":-9.104698181152344},"rotation":{"x":-0.08456329256296158,"y":-0.9124562740325928,"z":0.24165363609790803,"w":-0.31925320625305178},"size":3.526614189147949,"orthographic":false}