{"cameraMode":{"drawMode":0,"name":"Shaded","section":"Shading Mode"},"sceneLighting":false,"audioPlay":false,"sceneViewState":{"showFog":true,"showMaterialUpdate":true,"showSkybox":false,"showFlares":true,"showImageEffects":true,"showParticleSystems":true},"in2DMode":false,"pivot":{"x":7.450580596923828e-9,"y":0.008940871804952622,"z":-0.015004411339759827},"rotation":{"x":0.023830482736229898,"y":0.9750928282737732,"z":-0.13095466792583466,"w":0.17744660377502442},"size":0.4901192784309387,"orthographic":true}