{"cameraMode":{"drawMode":0,"name":"Shaded","section":"Shading Mode"},"sceneLighting":false,"audioPlay":false,"sceneViewState":{"showFog":true,"showMaterialUpdate":true,"showSkybox":false,"showFlares":true,"showImageEffects":true,"showParticleSystems":true},"in2DMode":false,"pivot":{"x":379.4999694824219,"y":97.24329376220703,"z":-22.13945960998535},"rotation":{"x":-0.010198788717389107,"y":-0.23885779082775117,"z":0.0024952811654657127,"w":-0.9710331559181213},"size":1295.2940673828125,"orthographic":true}