{"cameraMode":{"drawMode":0,"name":"Shaded","section":"Shading Mode"},"sceneLighting":false,"audioPlay":false,"sceneViewState":{"showFog":true,"showMaterialUpdate":true,"showSkybox":false,"showFlares":true,"showImageEffects":true,"showParticleSystems":true},"in2DMode":false,"pivot":{"x":32.20000076293945,"y":0.17813929915428163,"z":-43.15004348754883},"rotation":{"x":-0.024103036150336267,"y":-0.715343177318573,"z":0.02467503398656845,"w":-0.6979625821113586},"size":5.027164459228516,"orthographic":true}